Day,Units_Consumed,Temperature,City
1,93.0,32.4,Bangalore
2,152.6,18.6,Delhi
3,543.9,33.7,Delhi
4,96.5,30.7,Delhi
5,342.8,17.7,Delhi
6,452.3,29.6,Pune
7,194.6,29.1,Jaipur
8,532.0,19.7,Mumbai
9,256.9,34.4,Mumbai
10,477.0,17.5,Delhi
11,130.3,13.2,Bangalore
12,499.7,31.1,Pune
13,144.9,26.1,Chandigarh
14,232.5,12.8,Pune
15,528.1,31.6,Jaipur
16,116.2,16.7,Pune
17,230.5,18.0,Delhi
18,530.6,39.9,Chandigarh
19,410.6,19.7,Bangalore
20,264.7,15.7,Pune
21,567.1,19.3,Pune
22,410.2,12.5,Jaipur
23,165.0,35.5,Chandigarh
24,561.2,19.4,Pune
25,436.0,29.5,Delhi
26,,18.0,Bangalore
27,114.4,24.0,Jaipur
28,243.6,40.7,Pune
29,540.0,27.5,Pune
30,217.7,26.1,Mumbai
31,360.3,36.1,Pune
32,546.9,30.5,Chandigarh
33,598.6,22.7,Mumbai
34,127.3,27.8,Delhi
35,159.5,40.1,Mumbai
36,299.5,37.7,Delhi
37,389.9,23.5,Chandigarh
38,585.0,28.5,Delhi
39,139.6,33.8,Jaipur
40,479.7,36.3,Bangalore
41,306.1,13.9,Chandigarh
42,455.5,10.1,Pune
43,340.3,19.2,Mumbai
44,135.3,27.8,Pune
45,412.3,20.4,Jaipur
46,274.4,17.0,Mumbai
47,484.9,28.9,Jaipur
48,391.5,42.1,Chandigarh
49,563.1,10.7,Bangalore
50,205.3,18.4,Jaipur
51,124.5,43.1,Chandigarh
52,588.6,38.6,Jaipur
53,146.8,36.8,Chandigarh
54,165.9,43.1,Jaipur
55,300.0,40.5,Mumbai
56,472.7,42.5,Pune
57,242.1,17.0,Pune
58,307.8,32.7,Jaipur
59,208.9,25.8,Delhi
60,385.9,21.8,Mumbai
61,83.7,30.6,Pune
62,199.0,32.1,Delhi
63,116.8,40.1,Mumbai
64,332.4,19.7,Jaipur
65,566.5,14.6,Jaipur
66,206.4,30.2,Chandigarh
67,179.0,38.3,Delhi
68,264.2,33.1,Chandigarh
69,459.1,26.3,Pune
70,416.0,32.9,Delhi
71,256.4,24.1,Delhi
72,178.9,18.7,Chandigarh
73,175.4,14.9,Chandigarh
74,560.1,18.7,Chandigarh
75,525.1,38.3,Delhi
76,599.6,11.8,Delhi
77,561.7,43.9,Mumbai
78,332.5,15.8,Mumbai
79,549.3,40.3,Mumbai
80,592.4,23.3,Bangalore
81,488.3,42.4,Bangalore
82,577.8,24.8,Jaipur
83,333.1,33.2,Mumbai
84,583.7,20.4,Jaipur
85,111.7,35.8,Bangalore
86,383.8,12.0,Jaipur
87,356.2,42.2,Delhi
88,121.7,43.6,Mumbai
89,115.3,12.4,Mumbai
90,569.6,24.1,Jaipur
91,389.1,18.6,Jaipur
92,421.8,12.9,Jaipur
93,566.0,28.3,Mumbai
94,243.4,33.4,Bangalore
95,429.3,23.9,Bangalore
96,563.1,26.0,Delhi
97,403.0,10.3,Jaipur
98,118.1,44.9,Mumbai
99,148.9,27.7,Bangalore
100,537.2,40.8,Bangalore
101,307.9,20.0,Jaipur
102,398.1,34.6,Pune
103,427.3,28.5,Jaipur
104,425.0,20.5,Mumbai
105,542.7,19.3,Pune
106,221.6,29.4,Jaipur
107,258.3,17.4,Pune
108,217.3,32.2,Chandigarh
109,552.2,18.8,Delhi
110,300.3,13.2,Bangalore
111,253.4,11.5,Mumbai
112,216.2,32.3,Pune
113,446.9,25.5,Jaipur
114,119.1,10.3,Pune
115,363.7,41.6,Bangalore
116,157.0,30.4,Mumbai
117,269.6,11.5,Delhi
118,189.2,41.5,Mumbai
119,263.9,33.3,Jaipur
120,291.3,40.9,Jaipur
121,561.4,,Mumbai
122,587.6,40.3,Mumbai
123,92.9,40.8,Pune
124,486.8,42.4,Chandigarh
125,529.3,38.1,Mumbai
126,489.4,19.3,Delhi
127,100.1,23.4,Chandigarh
128,504.6,17.8,Chandigarh
129,506.7,22.2,Mumbai
130,423.2,17.8,Chandigarh
131,529.5,21.5,Bangalore
132,344.9,22.3,Pune
133,358.8,44.3,Delhi
134,584.6,14.0,Mumbai
135,591.4,30.3,Delhi
136,306.0,13.8,Pune
137,306.9,37.5,Jaipur
138,547.7,14.0,Mumbai
139,448.6,18.9,Delhi
140,499.4,28.2,Pune
141,465.8,35.2,Pune
142,304.3,16.9,Pune
143,404.0,42.2,Pune
144,454.3,39.7,Bangalore
145,426.8,27.7,Bangalore
146,233.7,24.1,Mumbai
147,425.8,16.7,Chandigarh
148,549.5,33.7,Jaipur
149,291.2,29.9,Delhi
150,189.3,20.6,Jaipur
151,247.6,31.2,Chandigarh
152,191.1,25.5,Chandigarh
153,579.1,37.8,Pune
154,124.1,15.9,Jaipur
155,402.0,33.2,Delhi
156,470.6,38.6,Pune
157,499.4,20.9,Mumbai
158,207.3,10.9,Chandigarh
159,479.6,31.4,Chandigarh
160,407.5,24.5,Mumbai
161,279.7,35.1,Chandigarh
162,421.2,18.5,Delhi
163,527.4,41.2,Delhi
164,193.8,37.2,Pune
165,106.1,28.1,Mumbai
166,143.1,42.1,Mumbai
167,427.1,38.0,Jaipur
168,574.0,30.8,Chandigarh
169,454.0,31.4,Jaipur
170,551.6,24.9,Chandigarh
171,466.7,41.4,Chandigarh
172,470.9,25.8,Pune
173,484.4,19.7,Chandigarh
174,222.8,31.9,Delhi
175,201.9,35.0,Bangalore
176,360.9,21.2,Mumbai
177,279.2,15.3,Mumbai
178,113.4,34.7,Chandigarh
179,322.3,21.6,Delhi
180,298.5,17.2,Jaipur
181,90.2,43.1,Jaipur
182,83.1,23.3,Bangalore
183,282.8,20.5,Chandigarh
184,462.0,28.8,Jaipur
185,333.9,41.4,Bangalore
186,95.1,25.3,Bangalore
187,495.0,33.4,Pune
188,323.0,15.8,Mumbai
189,357.7,44.3,Chandigarh
190,424.8,30.7,Delhi
191,150.6,32.5,Chandigarh
192,215.3,16.4,Bangalore
193,250.0,17.4,Chandigarh
194,574.6,19.7,Chandigarh
195,122.6,18.8,Delhi
196,107.1,36.2,Bangalore
197,115.7,17.8,Pune
198,96.1,11.4,Mumbai
199,90.6,17.0,Mumbai
200,326.3,18.3,Delhi
201,193.3,29.7,Pune
202,271.8,19.0,Jaipur
203,468.9,31.3,Delhi
204,165.2,37.2,Bangalore
205,93.4,13.8,Bangalore
206,552.2,30.2,Chandigarh
207,451.8,23.9,Delhi
208,511.9,30.7,Mumbai
209,481.7,13.6,Pune
210,142.9,31.0,Jaipur
211,260.5,37.4,Chandigarh
212,115.9,33.2,Pune
213,521.8,21.9,Chandigarh
214,579.6,13.7,Pune
215,319.1,41.2,Mumbai
216,461.6,25.2,Pune
217,500.3,19.5,Jaipur
218,321.7,37.1,Pune
219,247.6,30.7,Mumbai
220,125.1,39.1,Chandigarh
221,321.6,18.5,Jaipur
222,254.9,33.4,Chandigarh
223,174.6,39.8,Mumbai
224,214.3,22.4,Bangalore
225,444.6,40.8,Bangalore
226,348.6,29.5,Mumbai
227,454.4,13.0,Chandigarh
228,205.0,29.4,Chandigarh
229,335.2,32.6,Delhi
230,195.2,13.3,Pune
231,425.3,18.5,Bangalore
232,356.1,26.6,Chandigarh
233,366.2,44.9,Bangalore
234,220.9,34.6,Bangalore
235,455.1,18.1,Bangalore
236,358.6,14.2,Pune
237,192.5,16.5,Chandigarh
238,386.6,19.7,Jaipur
239,589.9,30.9,Mumbai
240,267.7,20.4,Bangalore
241,357.8,10.5,Bangalore
242,108.4,11.6,Bangalore
243,145.7,34.4,Chandigarh
244,86.4,13.6,Bangalore
245,309.0,26.4,Mumbai
246,211.3,43.8,Chandigarh
247,114.0,14.0,Chandigarh
248,407.3,12.6,Delhi
249,501.8,15.3,Bangalore
250,209.1,13.0,Jaipur
251,395.3,36.8,Jaipur
252,351.7,17.9,Chandigarh
253,234.6,41.8,Jaipur
254,238.8,44.7,Jaipur
255,579.3,12.1,Delhi
256,188.0,43.2,Mumbai
257,122.2,19.3,Mumbai
258,119.0,16.1,Delhi
259,438.5,24.3,Chandigarh
260,200.4,20.2,Pune
261,527.0,19.9,Delhi
262,560.4,34.1,Pune
263,498.0,30.6,Mumbai
264,363.2,24.9,Pune
265,218.1,15.2,Mumbai
266,166.3,12.5,Bangalore
267,508.6,30.8,Bangalore
268,323.7,25.4,Bangalore
269,570.2,34.5,Jaipur
270,307.6,28.9,Jaipur
271,304.7,11.4,Bangalore
272,93.4,31.1,Mumbai
273,514.7,43.7,Jaipur
274,90.8,30.5,Pune
275,379.6,38.7,Mumbai
276,418.8,26.5,Bangalore
277,384.4,16.4,Pune
278,583.9,38.5,Chandigarh
279,253.3,22.2,Pune
280,163.6,13.7,Chandigarh
281,229.9,34.3,Chandigarh
282,366.1,38.5,Chandigarh
283,211.2,13.1,Delhi
284,290.2,44.0,Jaipur
285,80.6,38.9,Jaipur
286,108.2,26.2,Jaipur
287,473.4,22.7,Pune
288,106.8,25.5,Bangalore
289,562.4,29.2,Chandigarh
290,332.1,40.8,Delhi
291,396.6,44.1,Mumbai
292,241.6,34.8,Delhi
293,128.5,29.3,Delhi
294,141.1,26.2,Mumbai
295,452.6,27.4,Jaipur
296,296.1,34.7,Chandigarh
297,206.7,44.3,Jaipur
298,179.1,15.1,Jaipur
299,537.2,27.8,Delhi
300,490.8,19.7,Chandigarh
301,489.6,21.9,Bangalore
302,227.1,38.7,Bangalore
303,381.6,39.3,Pune
304,157.3,27.1,Jaipur
305,252.9,27.0,Jaipur
306,565.1,23.2,Mumbai
307,204.2,44.3,Chandigarh
308,483.3,18.2,Delhi
309,325.9,21.1,Chandigarh
310,425.1,23.5,Pune
311,337.6,44.3,Delhi
312,582.0,14.4,Bangalore
313,534.6,40.4,Chandigarh
314,553.4,13.5,Delhi
315,293.2,35.3,Pune
316,118.9,43.9,Bangalore
317,440.2,21.8,Pune
318,250.9,12.8,Pune
319,277.6,40.1,Bangalore
320,541.5,31.9,Chandigarh
321,98.7,40.5,Delhi
322,435.9,18.2,Bangalore
323,468.3,44.9,Chandigarh
324,475.4,44.2,Pune
325,310.7,40.5,Pune
326,95.1,20.5,Bangalore
327,232.6,37.9,Bangalore
328,207.0,25.1,Chandigarh
329,492.1,29.8,Mumbai
330,396.9,16.1,Chandigarh
331,205.2,31.7,Jaipur
332,319.8,15.0,Bangalore
333,426.8,26.1,Chandigarh
334,432.4,41.5,Mumbai
335,571.5,12.6,Jaipur
336,580.3,20.5,Pune
337,519.6,18.8,Mumbai
338,523.7,45.0,Delhi
339,377.4,18.3,Jaipur
340,443.6,20.4,Delhi
341,422.3,44.2,Bangalore
342,529.8,10.3,Pune
343,553.5,44.1,Pune
344,550.2,27.4,Bangalore
345,199.7,37.2,Bangalore
346,178.9,17.7,Bangalore
347,454.9,33.7,Pune
348,151.1,33.8,Delhi
349,416.1,41.6,Bangalore
350,97.3,37.6,Bangalore
351,126.9,35.6,Bangalore
352,296.1,21.4,Mumbai
353,360.5,14.6,Bangalore
354,555.0,28.6,Mumbai
355,508.8,19.0,Chandigarh
356,233.5,43.9,Bangalore
357,323.5,38.1,Delhi
358,582.6,14.9,Pune
359,589.6,35.3,Jaipur
360,491.2,22.8,Delhi
361,144.3,19.3,Bangalore
362,429.6,33.5,Jaipur
363,412.0,23.3,Bangalore
364,201.6,13.8,Delhi
51,124.5,43.1,Chandigarh
