Station_ID,City,Vehicle_Type,Charging_Time,Energy_Consumed,Cost,Charging_Type
S001,Bengaluru,SUV,22.4,56.6,484.77,Fast
S002,Chennai,Car,85.8,11.2,117.7,Normal
S003,Mumbai,Car,67.1,28.9,395.49,Normal
S004,Pune,Car,107.6,44.1,365.13,Normal
S005,Mumbai,Bike,47.0,44.8,509.0,Fast
S006,Pune,SUV,48.6,26.8,230.07,Fast
S007,Pune,Car,134.3,26.4,295.42,Normal
S008,Bengaluru,Bus,114.4,19.1,243.84,Normal
S009,Pune,SUV,35.0,41.3,415.51,Fast
S010,Hyderabad,Bike,68.8,26.9,241.82,Normal
S011,Bengaluru,SUV,110.6,43.6,369.11,Normal
S012,Chennai,Bike,37.5,41.3,527.87,Fast
S013,Delhi,Car,,32.6,272.67,Normal
S014,Pune,Bike,179.2,38.4,372.77,Normal
S015,Hyderabad,Bike,43.1,25.9,225.4,Fast
S016,Delhi,SUV,75.5,17.2,177.95,Normal
S017,Hyderabad,Car,40.1,31.1,274.35,Fast
S018,Hyderabad,Bike,178.4,33.3,342.41,Normal
S019,Mumbai,SUV,27.6,49.0,395.55,Fast
S020,Chennai,SUV,20.2,37.7,385.13,Fast
S021,Chennai,Bike,142.9,27.1,317.22,Normal
S022,Pune,Car,164.5,43.2,522.01,Normal
S023,Chennai,Bus,39.7,40.6,422.35,Fast
S024,Mumbai,Car,112.9,12.1,140.41,Normal
S025,Delhi,Car,124.4,43.1,503.51,Normal
S006,Pune,SUV,48.6,26.8,230.07,Fast
S027,Bengaluru,Bus,62.4,64.7,698.5,Fast
S028,Hyderabad,Bike,25.1,34.1,326.97,Fast
S029,Pune,SUV,84.6,43.2,439.37,Normal
S030,Pune,Car,95.8,31.8,271.76,Normal
S031,Bengaluru,Bike,102.7,16.2,182.24,Normal
S032,Chennai,Bike,133.6,37.2,466.86,Normal
S033,Mumbai,SUV,148.8,16.4,182.14,Normal
S034,Bengaluru,Car,154.8,25.5,233.63,Normal
S035,Chennai,Bike,66.9,64.4,884.21,Fast
S036,Bengaluru,Car,31.3,27.2,250.95,Fast
S037,Chennai,Car,138.4,37.6,319.93,Normal
S038,Pune,Car,153.9,35.8,389.08,Normal
S039,Mumbai,Bus,99.9,37.6,520.01,Normal
S040,Hyderabad,Bus,67.3,52.1,469.94,Fast
S041,Mumbai,Car,65.2,55.9,496.23,Fast
S042,Chennai,Bus,102.0,28.3,248.64,Normal
S043,Delhi,Car,172.0,24.1,318.85,Normal
S044,Mumbai,Car,34.6,29.3,337.5,Fast
S045,Bengaluru,Bus,67.3,35.4,,Normal
S046,Pune,Bus,165.4,12.8,114.06,Normal
S047,Chennai,Car,153.2,30.5,386.02,Normal
S048,Mumbai,SUV,51.0,23.7,198.38,Fast
S049,Pune,Bus,72.7,28.7,272.39,Normal
S050,Bengaluru,Car,120.9,28.8,361.73,Normal
S051,Delhi,Bus,68.7,46.5,427.63,Fast
S052,Bengaluru,Bus,156.9,26.8,254.22,Normal
S053,Chennai,Bike,167.1,15.5,165.62,Normal
S054,Hyderabad,Car,35.8,49.5,523.22,Fast
S055,Mumbai,Bike,167.6,13.7,168.47,Normal
S056,Pune,Bike,64.1,63.5,591.66,Fast
S057,Delhi,Bus,79.5,32.7,305.49,Normal
S058,Pune,Bus,108.5,23.6,239.3,Normal
S059,Delhi,Bike,47.7,38.7,313.8,Fast
S060,Bengaluru,Bike,67.7,44.4,565.22,Normal
S061,Delhi,Car,22.0,54.6,525.4,Fast
S062,Mumbai,Bus,141.1,43.0,448.73,Normal
S063,Chennai,Bus,70.7,10.1,122.51,Normal
S064,Hyderabad,Car,20.8,22.2,212.31,Fast
S065,Chennai,SUV,63.1,39.3,394.37,Fast
S066,Chennai,Bus,92.1,12.8,142.87,Normal
S067,Mumbai,Car,91.4,14.7,199.82,Normal
S068,Pune,Bike,84.7,24.5,294.81,
S069,Bengaluru,Bike,179.3,9.4,76.24,Normal
S070,Chennai,SUV,89.5,24.5,292.77,Normal
S071,Pune,Bus,125.5,40.9,565.31,Normal
S072,Bengaluru,SUV,101.1,38.8,474.93,Normal
S073,Pune,SUV,37.4,20.6,180.85,Fast
S074,Delhi,Bike,22.8,49.3,507.06,Fast
S075,Chennai,Bike,143.1,9.7,88.39,Normal
S076,Bengaluru,Bus,38.2,33.5,465.97,Fast
S077,Bengaluru,SUV,64.1,28.2,256.56,Fast
S078,Bengaluru,Bus,33.9,48.8,463.07,Fast
S079,Delhi,Car,24.5,36.8,303.6,Fast
S080,Delhi,Bike,31.6,45.5,508.47,Fast
S011,Bengaluru,SUV,110.6,43.6,369.11,Normal
S082,Chennai,SUV,61.8,59.9,704.66,Fast
S083,Pune,SUV,150.3,29.0,373.45,Normal
S084,Delhi,SUV,22.1,47.9,658.96,Fast
S085,Hyderabad,Bus,135.3,31.2,377.02,Normal
S086,Hyderabad,Bike,59.9,53.2,586.15,Fast
S087,Chennai,Car,67.9,35.3,335.81,Normal
S088,Delhi,Bike,57.8,28.8,342.71,Fast
S089,Hyderabad,Bus,69.2,41.7,405.49,Normal
S090,Delhi,SUV,27.4,29.9,372.53,Fast
S091,Bengaluru,SUV,23.0,30.6,368.18,Fast
S092,Pune,SUV,94.9,27.1,292.35,Normal
S093,Hyderabad,Car,125.9,19.5,166.04,Normal
S094,Hyderabad,Car,23.8,41.8,583.85,Fast
S095,Bengaluru,Bus,67.3,27.9,320.54,Fast
S096,Mumbai,Bike,75.9,38.3,423.31,Normal
S097,Delhi,Bike,64.9,40.8,332.48,Fast
S098,Delhi,Bus,108.7,34.9,366.35,Normal
S099,Hyderabad,Bike,36.6,33.3,333.99,Fast
S100,Hyderabad,Car,83.5,8.4,104.49,Normal
