Review,Sentiment
"The movie was an absolute masterpiece with incredible acting.",1
"I wasted two hours of my life on this boring film.",0
"The food was delicious and the staff was extremely friendly.",1
"Terrible service and the order arrived completely cold.",0
"This book changed my perspective on life, highly recommend!",1
"The plot made absolutely no sense and the ending was awful.",0
"The camera quality on this new phone is spectacular.",1
"The battery dies in less than two hours, do not buy.",0
"An amazing experience from start to finish, loved it!",1
"The customer support team was incredibly rude and unhelpful.",0
"The graphics in this game are stunning and beautifully detailed.",1
"The app keeps crashing every time I try to log in.",0
"This vacuum cleaner is lightweight and has powerful suction.",1
"Cheap material that broke within the first day of use.",0
"A beautiful story that kept me hooked until the final page.",1
"The screen is blurry and the touch response is delayed.",0
"Excellent build quality and very comfortable to wear.",1
"I am highly disappointed with the quality of this jacket.",0
"The concert was energetic and the sound quality was perfect.",1
"The hotel room was dirty and smelled like old smoke.",0
"Best purchase I have made all year, worth every penny.",1
"The instructions are confusing and impossible to follow.",0
"The performance of this laptop exceeded all my expectations.",1
"The software update completely ruined my device performance.",0
"Super fast shipping and the item looks exactly like the photo.",1
"The product arrived damaged and parts were missing.",0
"A brilliant comedy that had the entire theater laughing.",1
"The interface is clunky, slow, and hard to navigate.",0
"This coffee machine brews the perfect espresso every morning.",1
"The material feels incredibly cheap and fits horribly.",0
"The customer service agent resolved my issue within minutes.",1
"The speaker sounds muffled and has almost no bass.",0
"The characters were well-developed and the pacing was great.",1
"This keyboard is uncomfortable to type on and too loud.",0
"Highly efficient tool that saved me hours of manual work.",1
"The zipper broke the very first time I tried it on.",0
"A heartwarming movie that the whole family will enjoy.",1
"The delivery was delayed by two weeks with no updates.",0
"Lightweight, durable, and looks incredibly stylish.",1
"The shoe soles completely detached after a short walk.",0
"The tutorial was clear, concise, and easy to understand.",1
"The customer support chat bot is completely useless.",0
"The views from the hotel balcony were breathtaking.",1
"The fabric shrank completely after just one wash cycle.",0
"A thrilling ride with twist endings I never saw coming.",1
"The touch screen stopped working after a week of usage.",0
"The audio clarity on these headphones is unmatched.",1
"The constant pop-up ads make the app unusable.",0
"Perfect fit, great color selection, and fast delivery.",1
"The worst movie I have ever seen in my entire life.",0
"The customer support team went above and beyond for me.",1
"The item is overpriced for such low-grade quality.",0
"An inspiring documentary that everyone should watch.",1
"The headphones keep disconnecting from my phone randomly.",0
"This blender easily crushes ice and makes smooth smoothies.",1
"The restaurant was understaffed and we waited an hour for food.",0
"The mattress is incredibly supportive and fixed my back pain.",1
"The device started overheating within ten minutes of use.",0
"A beautifully written novel with a highly satisfying conclusion.",1
"The dynamic range on this microphone is incredibly poor.",0
"The customer onboarding process was smooth and simple.",1
"The screen is way too dim even at maximum brightness.",0
"I absolutely love the minimalist design of this desk.",1
"The material stains easily and is impossible to clean.",0
"The system update fixed all previous bugs and glitches.",1
"The case feels flimsy and offers zero phone protection.",0
"The story was deeply moving and beautifully shot.",1
"The alignment on the screws was completely off during assembly.",0
"The wireless range covers my entire house with no drops.",1
"The movie was highly predictable and filled with clichés.",0
"This air fryer cooks everything perfectly in half the time.",1
"The food tasted bland and lacked any seasoning whatsoever.",0
"The instructor explained complex topics in simple words.",1
"The product feels like a cheap plastic toy.",0
"The battery longevity is fantastic, lasts up to three days.",1
"The customer care representative kept putting me on hold.",0
"The concert line-up was amazing and well-organized.",1
"The smart watch step counter is wildly inaccurate.",0
"The jacket keeps me incredibly warm during freezing weather.",1
"The screen arrived with multiple dead pixels on it.",0
"The recipe turned out perfectly, family loved it.",1
"The mouse buttons feel mushy and fail to register clicks.",0
"Excellent customer communication throughout the entire process.",1
"The translation feature is highly inaccurate and buggy.",0
"The active noise cancellation blocks out all office noise.",1
"The strap broke while I was simply walking down the street.",0
"A refreshing take on a classic sci-fi concept.",1
"The website layout is confusing and frustrating to use.",0
"The print quality is sharp and colors are vibrant.",1
"The engine makes a loud clicking noise when accelerating.",0
"The instructions made assembly a fun weekend project.",1
"The fabric feels rough against the skin and scratches.",0
"The customer loyalty program offers incredible rewards.",1
"The application consumes too much background memory and battery.",0
"The plot twists kept me guessing until the very end.",1
"The item looks nothing like the promotional pictures online.",0
"The ergonomic design completely eliminated my wrist fatigue.",1
"The game is plagued with microtransactions and paywalls.",0
"The material is incredibly soft yet holds up perfectly.",1
"The worst customer experience I have ever encountered.",0
